<yas>
  <scene root="main_scene" axis_length="5"/>

  <views default="default">
    <perspective id="default" near="0.1" far="500" angle="30">
      <from x="30" y="80" z="80"/>
      <to x="25" y="10" z="10"/>
    </perspective>
    <perspective id="v1" near="0.1" far="500" angle="30">
      <from x="100" y="5" z="40"/>
      <to x="10" y="10" z="80"/>
    </perspective>
    <perspective id="v2" near="0.1" far="500" angle="50">
      <from x="25" y="10" z="200"/>
      <to x="10" y="10" z="20"/>
    </perspective>
    <ortho id="ortho1" near="0.1" far="100" left="-90" right="90" top="50" bottom="-50">
      <from x="40" y="20" z="40" />
      <to x="40" y="8" z="15" />
    </ortho>
  </views>

  <ambient>
    <ambient r="0" g="0" b="0" a="1"/>
    <background r="0" g="0.5" b="0.3" a="1" />
  </ambient>

  <lights>
    <omni id="light_1" enabled="0">
      <location x="30" y="15" z="3.5" w="1" />
      <ambient r="0.1" g="0.1" b="0.1" a="1"/>
      <diffuse r="0.7" g="0.7" b="0.7" a="1"/>
      <specular r="0.7" g="0.7" b="0.7" a="1"/>
    </omni>
    <omni id="light_2" enabled="1">
      <location x="35" y="15" z="20" w="1" />
      <ambient r="0.1" g="0.1" b="0.1" a="1"/>
      <diffuse r="0.7" g="0.7" b="0.7" a="1"/>
      <specular r="0.7" g="0.7" b="0.7" a="1"/>
    </omni>
    <omni id="light_3" enabled="0">
      <location x="3" y="10" z="27" w="1" />
      <ambient r="0.1" g="0.1" b="0.1" a="1"/>
      <diffuse r="0.7" g="0.7" b="0.7" a="1"/>
      <specular r="0.7" g="0.7" b="0.7" a="1"/>
    </omni>
    <omni id="light_4" enabled="1">
      <location x="0" y="20" z="20" w="1" />
      <ambient r="0.1" g="0.1" b="0.1" a="1"/>
      <diffuse r="0.7" g="0.7" b="0.7" a="1"/>
      <specular r="0.7" g="0.7" b="0.7" a="1"/>
    </omni>
    <spot id="spot_light" enabled="0" angle="30" exponent="5">
      <location x="30" y="20" z="30" w="1" />
      <target x="15" y="10" z="0" />
      <ambient r="0" g="0" b="0" a="1" />
      <diffuse r="0.8" g="0.8" b="0.8" a="1" />
      <specular r="0.2" g="0.2" b="0.2" a="1" />
    </spot>
  </lights>

  <textures>

    <texture id="river" file="agua.jpg"/>
    <texture id="green" file="green.jpg"/>
    <texture id="carbono" file="carbono.jpg"/>
    <texture id="carbono_m" file="carbono_m.png"/>
    <texture id="cr" file="d.jpg"/>
    <texture id="cr_1" file="d_1.jpg"/>
    <texture id="granito" file="granito.jpg"/>
    <texture id="terra" file="terra.jpg"/>
    <texture id="height_map" file="terrainmap.jpg" />
    <texture id="wave_map" file="watermap.jpg"/>

  </textures>

  <materials>
    <material id="default" shininess="0.1">
      <emission r="0" g="0" b="0" a="0"/>
      <ambient r="1" g="1" b="1" a="1"/>
      <diffuse r="0.5" g="0.5" b="0.5" a="1"/>
      <specular r="0.5" g="0.5" b="0.5" a="1"/>
    </material>
    <material id="p1" shininess="0.1">
      <emission r="0" g="0" b="0" a="0"/>
      <ambient r="1" g="1" b="1" a="1"/>
      <diffuse r="1" g="1" b="1" a="1"/>
      <specular r="0" g="0" b="0" a="1"/>
    </material>
    <material id="m1" shininess="0.1">
      <emission r="0" g="0" b="0" a="0"/>
      <ambient r="0.3" g="0.3" b="0.3" a="1"/>
      <diffuse r="0.8" g="0.8" b="0.8" a="1"/>
      <specular r="0.1" g="0.1" b="0.1" a="1"/>
    </material>

    <material id="floor" shininess="10">
      <emission r="0" g="0" b="0" a="0"/>
      <ambient r="1" g="1" b="0.5" a="1"/>
      <diffuse r="1" g="1" b="0.5" a="1"/>
      <specular r="0.1" g="0.1" b="0.1" a="1"/>
    </material>

    <material id="river" shininess="10">
      <emission r="0" g="0" b="0" a="0"/>
      <ambient r="0" g="0.3" b="0.5" a="1"/>
      <diffuse r="0" g="0.3" b="0.5" a="1"/>
      <specular r="0.1" g="0.3" b="0.5" a="1"/>
    </material>

    <material id="light_orange" shininess="10">
      <emission r="0" g="0" b="0" a="0"/>
      <ambient r="1" g="0.65" b="0.29" a="1"/>
      <diffuse r="1" g="0.65" b="0.29" a="1"/>
      <specular r="1" g="0.65" b="0.29" a="1"/>
    </material>

    <material id="fuschia" shininess="10">
      <emission r="0" g="0" b="0" a="0"/>
      <ambient r="1" g="0" b="0.3" a="1"/>
      <diffuse r="1" g="0" b="0.3" a="1"/>
      <specular r="1" g="0" b="0.3" a="1"/>
    </material>

    <material id="beige" shininess="10">
      <emission r="0" g="0" b="0" a="0"/>
      <ambient r="0.98" g="0.98" b="0.87" a="1"/>
      <diffuse r="0.98" g="0.98" b="0.87" a="1"/>
      <specular r="0" g="0" b="0" a="1"/>
    </material>

    <material id="table_wood" shininess="0.001">
      <emission r="0" g="0" b="0" a="0"/>
      <ambient r="0.28" g="0.19" b="0.09" a="1"/>
      <diffuse r="0.28" g="0.19" b="0.09" a="1"/>
      <specular r="0" g="0" b="0." a="1"/>
    </material>

    <material id="lamp" shininess="10">
      <emission r="0" g="0" b="0" a="0"/>
      <ambient r="0.67" g="0.84" b="0.89" a="1"/>
      <diffuse r="0.67" g="0.84" b="0.89" a="1"/>
      <specular r="0.67" g="0.84" b="0.89" a="1"/>
    </material>

    <material id="silver" shininess="1000">
      <emission r="0" g="0" b="0" a="0"/>
      <ambient r="0.83" g="0.83" b="0.83" a="1"/>
      <diffuse r="0.83" g="0.83" b="0.83" a="1"/>
      <specular r="0.83" g="0.83" b="0.83" a="1"/>
    </material>
  </materials>

  <transformations >
    <transformation id="t1">
      <translate x="0" y="0" z="0"/>
      <rotate axis="x" angle="90" />
      <scale x="3" y="1" z="1"/>
    </transformation>
  </transformations>

  <animations>
    <linear id="an_1" span="15">
      <controlpoint xx="0" yy="0" zz="0" />
      <controlpoint xx="25" yy="20" zz="0" />
      <controlpoint xx="25" yy="0" zz="0" />
      <controlpoint xx="25" yy="0" zz="20" />
      <controlpoint xx="0" yy="0" zz="0" />
    </linear>
    <circular id="par" span="10" center="15 0 20" radius="10" startang="0" rotang="360" />
  </animations>

  <primitives>
    <primitive id="square">
      <rectangle x1="-0.5" y1="-0.5" x2="0.5" y2="0.5" />
    </primitive>

    <primitive id="square_at_zero">
      <rectangle x1="0" y1="0" x2="1" y2="1" />
    </primitive>
    <primitive id="plane_1">
      <plane npartsU="5" npartsV="8" />
    </primitive>

    <primitive id="terrain">
      <terrain idtexture="terra" idheightmap="height_map" parts="5" heightscale="25" />
    </primitive>

    <primitive id="water">
      <water idtexture="river" idwavemap="wave_map" parts="5" heightscale="10" texscale="10" />
    </primitive>

    <primitive id="triangle">
      <triangle x1="0" y1="1" z1="0" x2="-0.5" y2="0" z2="0.5" x3="0.5" y3="0" z3="0.5" />
    </primitive >

    <primitive id="sphere">
      <sphere radius="1" slices="50" stacks="50"/>
    </primitive>

    <primitive id="cylinder">
      <cylinder base="1" top="1" height="5" slices="250" stacks="250"/>
    </primitive>
    <primitive id="cylinder_1">
      <cylinder base="1" top="0.2" height="8" slices="50" stacks="50"/>
    </primitive>

    <primitive id="cylinder2">
      <cylinder2 base="1" top="1" height="5" slices="250" stacks="250"/>
    </primitive>


    <primitive id="cut_cone">
      <cylinder base="3" top="1.8" height="5" slices="250" stacks="250"/>
    </primitive>

    <primitive id="cut_cone_1">
      <cylinder base="3" top="0" height="5" slices="250" stacks="250"/>
    </primitive>

    <primitive id="torus">
      <torus inner="0.3" outer="0.1" slices="100" loops="300"/>
    </primitive>

    <!--patch-->
    <primitive id="top_nurb">
      <patch npointU="4" npointV="4" npartsU="100" npartsV="100">

            <controlpoint xx="0" yy="20" zz="100" />
            <controlpoint xx="0" yy="20" zz="90" />
            <controlpoint xx="0" yy="15" zz="70" />
            <controlpoint xx="0" yy="1" zz="50" />
            <controlpoint xx="0" yy="1" zz="0" />

            <controlpoint xx="50" yy="1" zz="100" />
            <controlpoint xx="50" yy="1" zz="90" />
            <controlpoint xx="50" yy="100" zz="70" />
            <controlpoint xx="50" yy="1" zz="50" />
            <controlpoint xx="50" yy="10" zz="20" />

            <controlpoint xx="100" yy="5" zz="100"/>
            <controlpoint xx="100" yy="40" zz="90" />
            <controlpoint xx="100" yy="0" zz="7" />
            <controlpoint xx="100" yy="100" zz="50" />
            <controlpoint xx="100" yy="0" zz="0" />

            <controlpoint xx="150" yy="20" zz="100"/>
            <controlpoint xx="150" yy="20" zz="90" />
            <controlpoint xx="150" yy="10" zz="70"/>
            <controlpoint xx="150" yy="1" zz="50"/>
            <controlpoint xx="150" yy="1" zz="0" />

            <controlpoint xx="200" yy="20" zz="100"/>
            <controlpoint xx="200" yy="20" zz="90" />
            <controlpoint xx="200" yy="10" zz="70"/>
            <controlpoint xx="200" yy="1" zz="50"/>
            <controlpoint xx="200" yy="1" zz="0"/>

            </patch>
    </primitive>


    <primitive id="top_nurb_3">
      <patch npointU="4" npointV="4" npartsU="100" npartsV="100">

            <controlpoint xx="0" yy="20" zz="100" />
            <controlpoint xx="0" yy="20" zz="90" />
            <controlpoint xx="0" yy="15" zz="70" />
            <controlpoint xx="0" yy="1" zz="50" />
            <controlpoint xx="0" yy="1" zz="0" />

            <controlpoint xx="50" yy="1" zz="100" />
            <controlpoint xx="50" yy="1" zz="90" />
            <controlpoint xx="50" yy="100" zz="70" />
            <controlpoint xx="50" yy="100" zz="50" />
            <controlpoint xx="50" yy="1" zz="20" />

            <controlpoint xx="100" yy="5" zz="100"/>
            <controlpoint xx="100" yy="20" zz="90" />
            <controlpoint xx="100" yy="10" zz="7" />
            <controlpoint xx="100" yy="500" zz="50" />
            <controlpoint xx="100" yy="0" zz="0" />

            <controlpoint xx="150" yy="20" zz="100"/>
            <controlpoint xx="150" yy="20" zz="90" />
            <controlpoint xx="150" yy="10" zz="70"/>
            <controlpoint xx="150" yy="1" zz="50"/>
            <controlpoint xx="150" yy="1" zz="0" />

            <controlpoint xx="200" yy="20" zz="100"/>
            <controlpoint xx="200" yy="20" zz="90" />
            <controlpoint xx="200" yy="10" zz="70"/>
            <controlpoint xx="200" yy="1" zz="50"/>
            <controlpoint xx="200" yy="1" zz="0"/>

            </patch>
    </primitive>

    <primitive id="front_nurb">
      <patch npointU="1" npointV="4" npartsU="100" npartsV="100">

        <controlpoint xx="0" yy="20" zz="100"/>
        <controlpoint xx="50" yy="1" zz="100"/>
        <controlpoint xx="100" yy="5" zz="100"/>
        <controlpoint xx="150" yy="20" zz="100" />
        <controlpoint xx="200" yy="20" zz="100" />


        <controlpoint xx="0" yy="0" zz="100" />
        <controlpoint xx="50" yy="0" zz="100" />
        <controlpoint xx="100" yy="0" zz="100" />
        <controlpoint xx="150" yy="0" zz="100" />
        <controlpoint xx="200" yy="0" zz="100" />
      </patch>
    </primitive>

    <primitive id="left_nurb">
      <patch npointU="1" npointV="4" npartsU="100" npartsV="100">
        <controlpoint xx="200" yy="20" zz="100" />
        <controlpoint xx="200" yy="20" zz="90" />
        <controlpoint xx="200" yy="10" zz="70" />
        <controlpoint xx="200" yy="1" zz="50" />
        <controlpoint xx="200" yy="1" zz="0" />

        <controlpoint xx="200" yy="0" zz="100" />
        <controlpoint xx="200" yy="0" zz="90" />
        <controlpoint xx="200" yy="0" zz="70" />
        <controlpoint xx="200" yy="0" zz="50" />
        <controlpoint xx="200" yy="0" zz="0" />
      </patch>

    </primitive>

    <primitive id="right_nurb">
      <patch npointU="1" npointV="4" npartsU="100" npartsV="100">
        <controlpoint xx="0" yy="0" zz="100"/>
        <controlpoint xx="0" yy="0" zz="90" />
        <controlpoint xx="0" yy="0" zz="70"/>
        <controlpoint xx="0" yy="0" zz="50" />
        <controlpoint xx="0" yy="0" zz="0"/>

        <controlpoint xx="0" yy="20" zz="100"/>
        <controlpoint xx="0" yy="20" zz="90"/>
        <controlpoint xx="0" yy="15" zz="70" />
        <controlpoint xx="0" yy="1" zz="50" />
        <controlpoint xx="0" yy="1" zz="0" />
      </patch>

    </primitive>

    <primitive id="river_nurb">
      <patch npointU="5" npointV="5" npartsU="100" npartsV="100">

        <controlpoint xx="-25" yy="-25" zz="-10"/>
        <controlpoint xx="-25" yy="-15" zz="-5" />
        <controlpoint xx="-25" yy="-5" zz="0"/>
        <controlpoint xx="-25" yy="5" zz="0" />
        <controlpoint xx="-25" yy="15" zz="-5"/>
        <controlpoint xx="-25" yy="25" zz="-10"/>

        <controlpoint xx="-15" yy="-25" zz="-8"/>
        <controlpoint xx="-15" yy="-15" zz="-4" />
        <controlpoint xx="-15" yy="-5" zz="-4"/>
        <controlpoint xx="-15" yy="50" zz="-4" />
        <controlpoint xx="-15" yy="15" zz="-4"/>
        <controlpoint xx="-15" yy="25" zz="-8"/>

        <controlpoint xx="-5" yy="-25" zz="-5"/>
        <controlpoint xx="-5" yy="-15" zz="-3" />
        <controlpoint xx="-5" yy="-5" zz="-8"/>
        <controlpoint xx="-5" yy="50" zz="-8" />
        <controlpoint xx="-5" yy="15" zz="-3"/>
        <controlpoint xx="-5" yy="25" zz="-5"/>

        <controlpoint xx="5" yy="-25" zz="-3"/>
        <controlpoint xx="5" yy="-15" zz="-2" />
        <controlpoint xx="5" yy="-5" zz="-8"/>
        <controlpoint xx="5" yy="5" zz="-8" />
        <controlpoint xx="5" yy="15" zz="-2"/>
        <controlpoint xx="5" yy="25" zz="-3"/>

        <controlpoint xx="15" yy="-25" zz="-8"/>
        <controlpoint xx="15" yy="-15" zz="-4" />
        <controlpoint xx="15" yy="-5" zz="-4"/>
        <controlpoint xx="15" yy="5" zz="-4" />
        <controlpoint xx="15" yy="15" zz="-4"/>
        <controlpoint xx="15" yy="25" zz="8"/>

        <controlpoint xx="25" yy="-25" zz="-10"/>
        <controlpoint xx="25" yy="-15" zz="-5" />
        <controlpoint xx="25" yy="-5" zz="2"/>
        <controlpoint xx="25" yy="5" zz="2" />
        <controlpoint xx="25" yy="15" zz="-5"/>
        <controlpoint xx="25" yy="25" zz="-10"/>

      </patch>

    </primitive>

    <primitive id="vehicle_1">
      <vehicle />
    </primitive>

    <primitive id="vehicle_2">
      <vehicle/>
    </primitive>

  </primitives>

  <components>
    <!-- Cubo -->
    <component id="frontal_face">
      <transformation>
        <translate x="0" y="0" z="0.5"/>
      </transformation>

      <materials>
        <material id ="inherit"/>
      </materials>

      <texture id="inherit" length_s="1" length_t="1"/>

      <children>
        <primitiveref id="square"/>
      </children>
    </component>
    <component id="back_face">
      <transformation>
        <rotate axis="x" angle="180"/>
        <translate x="0" y="0" z="0.5"/>
      </transformation>

      <materials>
        <material id ="inherit"/>
      </materials>

      <texture id="inherit" length_s="1" length_t="1"/>

      <children>
        <primitiveref id="square"/>
      </children>

    </component>
    <component id="top_face">
      <transformation>
        <rotate axis="x" angle="-90"/>
        <translate x="0" y="0" z="0.5"/>
      </transformation>

      <materials>
        <material id ="inherit"/>
      </materials>

      <texture id="inherit" length_s="1" length_t="1"/>

      <children>
        <primitiveref id="square"/>
      </children>
    </component>
    <component id="bottom_face">
      <transformation>
        <rotate axis="x" angle="90"/>
        <translate x="0" y="0" z="0.5"/>
      </transformation>

      <materials>
        <material id ="inherit"/>
      </materials>

      <texture id="inherit" length_s="1" length_t="1"/>

      <children>
        <primitiveref id="square"/>
      </children>
    </component>
    <component id="right_face">
      <transformation>
        <rotate axis="y" angle="90"/>
        <translate x="0" y="0" z="0.5"/>
      </transformation>

      <materials>
        <material id ="inherit"/>
      </materials>

      <texture id="inherit" length_s="1" length_t="1"/>

      <children>
        <primitiveref id="square"/>
      </children>
    </component>
    <component id="left_face">
      <transformation>
        <rotate axis="y" angle="-90"/>
        <translate x="0" y="0" z="0.5"/>
      </transformation>

      <materials>
        <material id ="inherit"/>
      </materials>

      <texture id="inherit" length_s="1" length_t="1"/>

      <children>
        <primitiveref id="square"/>
      </children>
    </component>
    <component id="cube">
      <transformation>
      </transformation>

      <materials>
        <material id ="inherit"/>
      </materials>

      <texture id="inherit" length_s="1" length_t="1"/>

      <children>
        <componentref id="frontal_face"/>
        <componentref id="back_face"/>
        <componentref id="bottom_face"/>
        <componentref id="left_face"/>
        <componentref id="right_face"/>
        <componentref id="top_face"/>
      </children>
    </component>


    <!--veicle-->
    <component id="ex_vehicle">
      <transformation>
        <translate x="20" y="30" z="-6"/>
      </transformation>
      <animations>
        <animationref id="par" />

      </animations>

      <materials>
        <material id ="default"/>
      </materials>

      <texture id="cr" length_s="0.5" length_t="1"/>

      <children>
        <primitiveref id="vehicle_1"/>
      </children>
    </component>

    <component id="ex_vehicle_1">
      <transformation>
        <translate x="-10" y="20" z="20"/>

      </transformation>
      <animations>
          <animationref id="an_1" />
            <animationref id="par" />
      </animations>

      <materials>
        <material id ="default"/>
      </materials>

      <texture id="cr_1" length_s="0.5" length_t="1"/>

      <children>
        <primitiveref id="vehicle_2"/>
      </children>
    </component>

    <component id="ex_cy">
      <transformation>
        <translate x="20" y="10" z="0"/>
          <scale x="20" y="20" z="20"/>


      </transformation>

      <materials>
        <material id ="default"/>
      </materials>

      <texture id="cr" length_s="0.5" length_t="1"/>

      <children>
        <primitiveref id="cylinder2"/>
      </children>
    </component>



    <!--plane-->
    <component id="ex_plane">
      <transformation>
        <translate x="10" y="10" z="0"/>
        <rotate axis="x" angle="-90"/>

      </transformation>

      <materials>
        <material id ="river"/>
      </materials>

      <texture id="cr" length_s="0.5" length_t="1"/>

      <children>
        <primitiveref id="plane_1"/>
      </children>
    </component>

    <!-- Terrain -->
    <component id="terrain">
      <transformation>
      </transformation>

      <materials>
        <material id="default" />
      </materials>

      <texture id="none" />

      <children>
        <primitiveref id="terrain" />
      </children>
    </component>

    <!-- Water -->
    <component id="water">
      <transformation>
      </transformation>

      <materials>
        <material id="default" />
      </materials>

      <texture id="none" />

      <children>
        <primitiveref id="water" />
      </children>
    </component>

    <!-- River -->
    <component id="river_nr_1">
      <transformation>
      <translate x="24.5" y="3" z="7.5"/>
      <rotate axis="x" angle="-90"/>
      <scale x="0.2" y="0.3" z="0.3"/>


      </transformation>

      <materials>
        <material id ="river"/>
      </materials>

      <texture id="river" length_s="1" length_t="1"/>

      <children>
        <primitiveref id="river_nurb"/>
      </children>
    </component>

    <component id="river_nr_2">
      <transformation>
      <translate x="34.5" y="3" z="7.5"/>
      <rotate axis="x" angle="-90"/>
      <rotate axis="z" angle="-180"/>
      <scale x="0.2" y="0.3" z="0.3"/>


      </transformation>

      <materials>
        <material id ="river"/>
      </materials>

      <texture id="river" length_s="1" length_t="1"/>

      <children>
        <primitiveref id="river_nurb"/>
      </children>
    </component>

    <component id="river_nr_3">
      <transformation>
      <translate x="34.5" y="10" z="7.5"/>
      <rotate axis="x" angle="-90"/>

      <scale x="0.2" y="0.3" z="0.3"/>


      </transformation>

      <materials>
        <material id ="river"/>
      </materials>

      <texture id="river" length_s="1" length_t="1"/>

      <children>
        <primitiveref id="river_nurb_1"/>
      </children>
    </component>

    <!--floor-->
    <!--patch_1-->

    <component id="nurb_1_1">
      <transformation>
       <scale x="0.2" y="0.2" z="0.2"/>
      </transformation>

      <materials>
        <material id ="default"/>
      </materials>

      <texture id="granito" length_s="0.1" length_t="0.1"/>

      <children>
        <primitiveref id="top_nurb_3"/>
      </children>
    </component>

    <component id="nurb_1">
      <transformation>
       <scale x="0.2" y="0.2" z="0.2"/>
      </transformation>

      <materials>
        <material id ="default"/>
      </materials>

      <texture id="granito" length_s="0.1" length_t="0.1"/>

      <children>
        <primitiveref id="top_nurb"/>
      </children>
    </component>

    <!--patch_2-->
    <component id="nurb_2">
      <transformation>
         <scale x="0.2" y="0.2" z="0.2"/>
       </transformation>

      <materials>
        <material id ="default"/>
      </materials>

      <texture id="granito" length_s="0.1" length_t="0.1"/>

      <children>
        <primitiveref id="front_nurb"/>
      </children>
    </component>

    <!--patch_3-->
    <component id="nurb_3">
      <transformation>
         <scale x="0.2" y="0.2" z="0.2"/>
      </transformation>

      <materials>
        <material id ="default"/>
      </materials>

      <texture id="granito" length_s="0.1" length_t="0.1"/>

      <children>
        <primitiveref id="left_nurb"/>
      </children>
    </component>

    <!--patch_4-->
    <component id="nurb_4">
      <transformation>
         <scale x="0.2" y="0.2" z="0.2"/>
      </transformation>

      <materials>
        <material id ="default"/>
      </materials>

      <texture id="granito" length_s="0.1" length_t="0.1"/>

      <children>
        <primitiveref id="right_nurb"/>
      </children>
    </component>

    <component id="floor">
      <transformation>
      <translate x="0" y="0" z="40"/>

      <rotate axis="y" angle="90"/>

      </transformation>

      <materials>
        <material id ="inherit"/>
      </materials>

      <texture id="inherit" length_s="1" length_t="1"/>

      <children>
        <componentref id="nurb_1"/>
        <componentref id="nurb_2"/>
        <componentref id="nurb_3"/>
        <componentref id="nurb_4"/>
      </children>
    </component>

    <component id="floor_1">
      <transformation>
      <translate x="39.4" y="0" z="0"/>

      <rotate axis="y" angle="270"/>

      </transformation>

      <materials>
        <material id ="inherit"/>
      </materials>

      <texture id="inherit" length_s="1" length_t="1"/>

      <children>
        <componentref id="nurb_1_1"/>
        <componentref id="nurb_2"/>
        <componentref id="nurb_3"/>
        <componentref id="nurb_4"/>
      </children>
    </component>

    <component id="floor_full">
      <transformation>

      </transformation>

      <materials>
        <material id ="inherit"/>
      </materials>

      <texture id="inherit" length_s="1" length_t="1"/>

      <children>
        <componentref id="floor"/>
        <componentref id="floor_1"/>
      </children>
    </component>

    <component id="river_P_1">
      <transformation>
         <scale x="1" y="1" z="2.67"/>
      </transformation>

      <materials>
        <material id ="inherit"/>
      </materials>

      <texture id="inherit" length_s="1" length_t="1"/>

      <children>
        <componentref id="river_nr_1"/>
        <componentref id="river_nr_2"/>
      </children>
    </component>

    <component id="full_river">
      <transformation>

      </transformation>

      <materials>
        <material id ="inherit"/>
      </materials>

      <texture id="inherit" length_s="1" length_t="1"/>

      <children>
        <componentref id="river_P_1"/>

      </children>
    </component>

    <!-- Cena Principal -->
    <component id="main_scene">
      <transformation>
      </transformation>

      <materials>
        <material id ="m1"/>
      </materials>

      <texture id="trunk" length_s="1" length_t="1"/>

      <children>
        <componentref id="ex_vehicle"/>
        <componentref id="ex_vehicle_1"/>
        <!-- <componentref id="floor"/>
        <componentref id="floor_1"/>
        <componentref id="full_river"/>
        <componentref id="ex_plane"/> -->
        <!-- <componentref id="floor_full"/> -->
        <componentref id="terrain" />
        <componentref id="water" />
        <componentref id="ex_cy" />



      </children>
    </component>
  </components>
</yas>
   