<yas>
    <scene root="main_scene" axis_length="5"/>
    <views default="default">
        <perspective id="default" near="0.1" far="500" angle="0.4">
            <from x="30" y="80" z="80"/>
            <to x="25" y="10" z="10"/>
        </perspective>
        <perspective id="v1" near="0.1" far="500" angle="0.4">
            <from x="100" y="5" z="40"/>
            <to x="10" y="10" z="80"/>
        </perspective>
        <perspective id="v2" near="0.1" far="500" angle="0.12">
            <from x="25" y="10" z="200"/>
            <to x="10" y="10" z="20"/>
        </perspective>
        <ortho id="ortho1" near="0.1" far="100" left="-90" right="90" top="50" bottom="-50">
            <from x="40" y="20" z="40" />
            <to x="40" y="8" z="15" />
        </ortho>
    </views>

    <ambient>
        <ambient r="0" g="0" b="0" a="1"/>
        <background r="0.3" g="0.5" b="0.5" a="1" />
    </ambient>

    <lights>
        <omni id="light_1" enabled="0">
            <location x="30" y="15" z="3.5" w="1" />
            <ambient r="0.1" g="0.1" b="0.1" a="1"/>
            <diffuse r="0.7" g="0.7" b="0.7" a="1"/>
            <specular r="0.7" g="0.7" b="0.7" a="1"/>
        </omni>
        <omni id="light_2" enabled="1">
            <location x="35" y="15" z="20" w="1" />
            <ambient r="0.1" g="0.1" b="0.1" a="1"/>
            <diffuse r="0.7" g="0.7" b="0.7" a="1"/>
            <specular r="0.7" g="0.7" b="0.7" a="1"/>
        </omni>
        <omni id="light_3" enabled="0">
            <location x="3" y="10" z="27" w="1" />
            <ambient r="0.1" g="0.1" b="0.1" a="1"/>
            <diffuse r="0.7" g="0.7" b="0.7" a="1"/>
            <specular r="0.7" g="0.7" b="0.7" a="1"/>
        </omni>
        <omni id="light_4" enabled="1">
            <location x="0" y="20" z="20" w="1" />
            <ambient r="0.1" g="0.1" b="0.1" a="1"/>
            <diffuse r="0.7" g="0.7" b="0.7" a="1"/>
            <specular r="0.7" g="0.7" b="0.7" a="1"/>
        </omni>
        <spot id="spot_light" enabled="0" angle="30" exponent="5">
          <location x="30" y="20" z="30" w="1" />
          <target x="15" y="10" z="0" />
          <ambient r="0" g="0" b="0" a="1" />
          <diffuse r="0.8" g="0.8" b="0.8" a="1" />
          <specular r="0.2" g="0.2" b="0.2" a="1" />
        </spot>
    </lights>

    <textures>
        <texture id="trunk" file="trunk-image.png"/>
        <texture id="floor" file="wall.jpg"/>
        <texture id="river" file="agua.jpg"/>
        <texture id="cerca" file="cerca.jpg"/>
        <texture id="door" file="door.jpg"/>
        <texture id="piso_ponte" file="metal_piso..jpg"/>
        <texture id="madeira" file="madeira.jpg"/>
        <texture id="ma_turbine" file="midel_turbine.jpg"/>
        <texture id="white" file="white.png"/>
        <texture id="green" file="green.jpg"/>
        <texture id="carbono" file="carbono.jpg"/>
        <texture id="carbono_m" file="carbono_m.png"/>
        <texture id="cr" file="car.jpg"/>

    </textures>

    <materials>
       <material id="default" shininess="0.1">
          <emission r="0" g="0" b="0" a="0"/>
          <ambient r="1" g="1" b="1" a="1"/>
          <diffuse r="0.5" g="0.5" b="0.5" a="1"/>
          <specular r="0.5" g="0.5" b="0.5" a="1"/>
       </material>
       <material id="p1" shininess="0.1">
          <emission r="0" g="0" b="0" a="0"/>
          <ambient r="1" g="1" b="1" a="1"/>
          <diffuse r="1" g="1" b="1" a="1"/>
          <specular r="0" g="0" b="0" a="1"/>
       </material>
        <material id="m1" shininess="0.1">
            <emission r="0" g="0" b="0" a="0"/>
            <ambient r="0.3" g="0.3" b="0.3" a="1"/>
            <diffuse r="0.8" g="0.8" b="0.8" a="1"/>
            <specular r="0.1" g="0.1" b="0.1" a="1"/>
        </material>

        <material id="floor" shininess="10">
            <emission r="0" g="0" b="0" a="0"/>
            <ambient r="1" g="1" b="0.5" a="1"/>
            <diffuse r="1" g="1" b="0.5" a="1"/>
            <specular r="0.1" g="0.1" b="0.1" a="1"/>
        </material>

        <material id="river" shininess="10">
            <emission r="0" g="0" b="0" a="0"/>
            <ambient r="0" g="0.3" b="0.5" a="1"/>
            <diffuse r="0" g="0.3" b="0.5" a="1"/>
            <specular r="0.1" g="0.3" b="0.5" a="1"/>
        </material>

        <material id="light_orange" shininess="10">
            <emission r="0" g="0" b="0" a="0"/>
            <ambient r="1" g="0.65" b="0.29" a="1"/>
            <diffuse r="1" g="0.65" b="0.29" a="1"/>
            <specular r="1" g="0.65" b="0.29" a="1"/>
        </material>

        <material id="fuschia" shininess="10">
            <emission r="0" g="0" b="0" a="0"/>
            <ambient r="1" g="0" b="0.3" a="1"/>
            <diffuse r="1" g="0" b="0.3" a="1"/>
            <specular r="1" g="0" b="0.3" a="1"/>
        </material>

        <material id="beige" shininess="10">
            <emission r="0" g="0" b="0" a="0"/>
            <ambient r="0.98" g="0.98" b="0.87" a="1"/>
            <diffuse r="0.98" g="0.98" b="0.87" a="1"/>
            <specular r="0" g="0" b="0" a="1"/>
        </material>

        <material id="table_wood" shininess="0.001">
            <emission r="0" g="0" b="0" a="0"/>
            <ambient r="0.28" g="0.19" b="0.09" a="1"/>
            <diffuse r="0.28" g="0.19" b="0.09" a="1"/>
            <specular r="0" g="0" b="0." a="1"/>
        </material>

        <material id="lamp" shininess="10">
            <emission r="0" g="0" b="0" a="0"/>
            <ambient r="0.67" g="0.84" b="0.89" a="1"/>
            <diffuse r="0.67" g="0.84" b="0.89" a="1"/>
            <specular r="0.67" g="0.84" b="0.89" a="1"/>
        </material>

        <material id="silver" shininess="1000">
            <emission r="0" g="0" b="0" a="0"/>
            <ambient r="0.83" g="0.83" b="0.83" a="1"/>
            <diffuse r="0.83" g="0.83" b="0.83" a="1"/>
            <specular r="0.83" g="0.83" b="0.83" a="1"/>
        </material>
    </materials>
    <transformations >
        <transformation id="t1">
            <translate x="0" y="0" z="0"/>
            <rotate axis="x" angle="90" />
            <scale x="3" y="1" z="1"/>
        </transformation>
    </transformations>

    <primitives>
        <primitive id="square">
            <rectangle x1="-0.5" y1="-0.5" x2="0.5" y2="0.5" />
        </primitive>

        <primitive id="square_at_zero">
            <rectangle x1="0" y1="0" x2="1" y2="1" />
        </primitive>

        <primitive id="triangle">
            <triangle x1="0" y1="1" z1="0" x2="-0.5" y2="0" z2="0.5" x3="0.5" y3="0" z3="0.5" />
        </primitive >

        <primitive id="sphere">
            <sphere radius="1" slices="50" stacks="50"/>
        </primitive>

        <primitive id="cylinder">
            <cylinder base="1" top="1" height="5" slices="250" stacks="250"/>
        </primitive>
        <primitive id="cylinder_1">
            <cylinder base="1" top="0.2" height="8" slices="50" stacks="50"/>
        </primitive>


        <primitive id="cut_cone">
            <cylinder base="3" top="1.8" height="5" slices="250" stacks="250"/>
        </primitive>

        <primitive id="cut_cone_1">
            <cylinder base="3" top="0" height="5" slices="250" stacks="250"/>
        </primitive>

        <primitive id="torus">
            <torus inner="0.3" outer="0.1" slices="100" loops="300"/>
        </primitive>

    </primitives>

    <components>
        <component id="floor_right">
            <transformation>
                <translate x="24" y="0" z="25"/>
                <rotate axis="x" angle="-90"/>
                <scale x="28" y="25" z="1"/>
            </transformation>

            <materials>
                <material id ="floor"/>
                <material id="fuschia"/>
                <material id="beige"/>
            </materials>

            <texture id="floor" length_s="1" length_t="1"/>

            <children>
                <primitiveref id="square_at_zero"/>
            </children>
        </component>
        <component id="floor_left">
            <transformation>
                <translate x="0" y="0" z="25"/>
                <rotate axis="x" angle="-90"/>
                <scale x="16" y="25" z="1"/>
            </transformation>

            <materials>
                <material id ="floor"/>
                <material id="fuschia"/>
            </materials>

            <texture id="floor" length_s="1" length_t="1"/>

            <children>
                <primitiveref id="square_at_zero"/>
            </children>
        </component>
        <component id="river">
            <transformation>
                <translate x="16" y="0" z="25"/>
                <rotate axis="x" angle="-90"/>
                <scale x="8" y="25" z="1"/>
            </transformation>

            <materials>
                <material id ="river"/>
            </materials>

            <texture id="river" length_s="1" length_t="1"/>

            <children>
                <primitiveref id="square_at_zero"/>
            </children>
        </component>
        <component id="piramede_lado1">

            <transformation>
                <scale x="1" y="1" z="1" />
            </transformation>

            <materials>
                <material id="inherit" />
            </materials>
              <texture id="cerca" length_s="1" length_t="1"/>
            <children>
                <primitiveref id="triangle" />
            </children>
        </component>

        <component id="piramede_lado2">
            <transformation>
                <rotate axis="y" angle="90" />
            </transformation>

            <materials>
                <material id="inherit" />
            </materials>
              <texture id="cerca" length_s="1" length_t="1"/>
            <children>
                <primitiveref id="triangle" />
            </children>
        </component>

        <component id="piramede_lado3">

            <transformation>
                <rotate axis="y" angle="-90" />
            </transformation>

            <materials>
                <material id="inherit" />
            </materials>

          <texture id="cerca" length_s="1" length_t="1"/>

            <children>
                <primitiveref id="triangle" />
            </children>
        </component>

        <component id="piramede_lado4">

            <transformation>
                <rotate axis="y" angle="180" />
            </transformation>

            <materials>
                <material id="inherit" />
            </materials>

              <texture id="cerca" length_s="1" length_t="1"/>

            <children>
                <primitiveref id="triangle" />
            </children>

        </component>

        <component id="lados_piramede">

            <transformation>
                <translate x="0" y="0" z="0" />
                <rotate axis="x" angle="0" />
                <scale x="1" y="1" z="1" />
            </transformation>

            <materials>
                <material id="inherit" />
            </materials>

            <texture id="cerca" length_s="1" length_t="1"/>

            <children>
                <componentref id="piramede_lado1" />
                <componentref id="piramede_lado2" />
                <componentref id="piramede_lado3" />
                <componentref id="piramede_lado4" />
            </children>
        </component>
        <component id="base_piramede">

            <transformation>
                <rotate axis="x" angle="90" />
            </transformation>

            <materials>
                <material id="inherit" />
            </materials>

            <children>
                <primitiveref id="square_at_zero" />
            </children>
        </component>

        <component id="piramide">

            <transformation>
                <scale x="1.2" y="1.2" z="1.2" />
            </transformation>

            <materials>
                <material id="inherit" />
            </materials>

            <texture id="cerca" length_s="1" length_t="1"/>

            <children>
                <componentref id="lados_piramede" />

            </children>
        </component>
        <component id="frontal_face">
            <transformation>
                <translate x="0" y="0" z="0.5"/>
            </transformation>

            <materials>
                <material id ="inherit"/>
            </materials>

            <texture id="inherit" length_s="1" length_t="1"/>

            <children>
                <primitiveref id="square"/>
            </children>
        </component>

        <component id="back_face">
            <transformation>
                <rotate axis="x" angle="180"/>
                <translate x="0" y="0" z="0.5"/>
            </transformation>

            <materials>
                <material id ="inherit"/>
            </materials>

            <texture id="inherit" length_s="1" length_t="1"/>

            <children>
                <primitiveref id="square"/>
            </children>

        </component>

        <component id="top_face">
            <transformation>
                <rotate axis="x" angle="-90"/>
                <translate x="0" y="0" z="0.5"/>
            </transformation>

            <materials>
                <material id ="inherit"/>
            </materials>

            <texture id="inherit" length_s="1" length_t="1"/>

            <children>
                <primitiveref id="square"/>
            </children>
        </component>

        <component id="bottom_face">
            <transformation>
                <rotate axis="x" angle="90"/>
                <translate x="0" y="0" z="0.5"/>
            </transformation>

            <materials>
                <material id ="inherit"/>
            </materials>

            <texture id="inherit" length_s="1" length_t="1"/>

            <children>
                <primitiveref id="square"/>
            </children>
        </component>

        <component id="right_face">
            <transformation>
                 <rotate axis="y" angle="90"/>
                <translate x="0" y="0" z="0.5"/>
            </transformation>

            <materials>
                <material id ="inherit"/>
            </materials>

            <texture id="inherit" length_s="1" length_t="1"/>

            <children>
                <primitiveref id="square"/>
            </children>
        </component>


        <component id="left_face">
            <transformation>
                <rotate axis="y" angle="-90"/>
                <translate x="0" y="0" z="0.5"/>
            </transformation>

            <materials>
                <material id ="inherit"/>
            </materials>

            <texture id="inherit" length_s="1" length_t="1"/>

            <children>
                <primitiveref id="square"/>
            </children>
        </component>

        <component id="cube">
            <transformation>
            </transformation>

            <materials>
                <material id ="inherit"/>
            </materials>

            <texture id="inherit" length_s="1" length_t="1"/>

            <children>
                <componentref id="frontal_face"/>
                <componentref id="back_face"/>
                <componentref id="bottom_face"/>
                <componentref id="left_face"/>
                <componentref id="right_face"/>
                <componentref id="top_face"/>
            </children>
        </component>

        <component id="degrau_1">
            <transformation>
              <translate x="12.2" y="0.15" z="8"/>
              <rotate axis="y" angle="-90"/>
              <scale x="4" y="0.4" z="0.8"/>
            </transformation>
            <materials>
                <material id ="inherit"/>
            </materials>
            <texture id="inherit" length_s="1" length_t="1"/>
            <children>
                <componentref id="cube"/>
            </children>
        </component>
        <component id="degrau_2">
            <transformation>
              <translate x="12.7" y="0.3" z="8"/>
              <rotate axis="y" angle="-90"/>
              <scale x="4" y="0.7" z="0.8"/>
            </transformation>
            <materials>
                <material id ="inherit"/>
            </materials>
            <texture id="inherit" length_s="1" length_t="1"/>
            <children>
                <componentref id="cube"/>
            </children>
        </component>
        <component id="degrau_3">
            <transformation>
              <translate x="13.3" y="0.45" z="8"/>
              <rotate axis="y" angle="-90"/>
              <scale x="4" y="1" z="0.8"/>
            </transformation>
            <materials>
                <material id ="inherit"/>
            </materials>
            <texture id="inherit" length_s="1" length_t="1"/>
            <children>
                <componentref id="cube"/>
            </children>
        </component>
        <component id="degrau_4">
            <transformation>
              <translate x="13.9" y="0.6" z="8"/>
              <rotate axis="y" angle="-90"/>
              <scale x="4" y="1.3" z="0.8"/>
            </transformation>
            <materials>
                <material id ="inherit"/>
            </materials>
            <texture id="inherit" length_s="1" length_t="1"/>
            <children>
                <componentref id="cube"/>
            </children>
        </component>
        <component id="escadote">
            <transformation>
            </transformation>
            <materials>
                <material id ="inherit"/>
            </materials>

            <texture id="piso_ponte" length_s="1" length_t="1"/>

            <children>
                <componentref id="degrau_1"/>
                  <componentref id="degrau_2"/>
                  <componentref id="degrau_3"/>
                  <componentref id="degrau_4"/>
            </children>
        </component>

        <component id="subida_1">
            <transformation>

                <translate x="1.7" y="0" z="0"/>
            </transformation>

            <materials>
                <material id ="inherit"/>
            </materials>
            <texture id="trunk" length_s="1" length_t="1"/>

            <children>
                <componentref id="escadote"/>
            </children>
        </component>

        <component id="subida_2">
            <transformation>
                <rotate axis="y" angle="180"/>
                <translate x="-38.3" y="0" z="-16"/>
            </transformation>

            <materials>
                <material id ="inherit"/>
            </materials>
            <texture id="trunk" length_s="1" length_t="1"/>

            <children>
                <componentref id="escadote"/>
            </children>
        </component>


        <component id="top_face_ponte_1">
            <transformation>
                <translate x="16.4" y="1.1" z="8"/>
                <scale x="0.8" y="0.3" z="4"/>
            </transformation>

            <materials>
                <material id ="inherit"/>
            </materials>
            <texture id="inherit" length_s="1" length_t="1"/>

            <children>
                <componentref id="cube"/>
            </children>
        </component>
        <component id="top_face_ponte_2">
            <transformation>
                <translate x="17.3" y="1.1" z="8"/>
                <scale x="0.6" y="0.3" z="4"/>
            </transformation>

            <materials>
                <material id ="inherit"/>
            </materials>
            <texture id="inherit" length_s="1" length_t="1"/>

            <children>
                <componentref id="cube"/>
            </children>
        </component>
        <component id="top_face_ponte_3">
            <transformation>
                <translate x="18.1" y="1.1" z="8"/>
                <scale x="0.6" y="0.3" z="4"/>
            </transformation>

            <materials>
                <material id ="inherit"/>
            </materials>
            <texture id="inherit" length_s="1" length_t="1"/>

            <children>
                <componentref id="cube"/>
            </children>
        </component>
        <component id="top_face_ponte_4">
            <transformation>
                <translate x="18.9" y="1.1" z="8"/>
                <scale x="0.6" y="0.3" z="4"/>
            </transformation>

            <materials>
                <material id ="inherit"/>
            </materials>
            <texture id="inherit" length_s="1" length_t="1"/>

            <children>
                <componentref id="cube"/>
            </children>
        </component>
        <component id="top_face_ponte_5">
            <transformation>
                <translate x="19.7" y="1.1" z="8"/>
                <scale x="0.6" y="0.3" z="4"/>
            </transformation>

            <materials>
                <material id ="inherit"/>
            </materials>
            <texture id="inherit" length_s="1" length_t="1"/>

            <children>
                <componentref id="cube"/>
            </children>
        </component>
        <component id="top_face_ponte_6">
            <transformation>
                <translate x="20.5" y="1.1" z="8"/>
                <scale x="0.6" y="0.3" z="4"/>
            </transformation>

            <materials>
                <material id ="inherit"/>
            </materials>
            <texture id="inherit" length_s="1" length_t="1"/>

            <children>
                <componentref id="cube"/>
            </children>
        </component>
        <component id="top_face_ponte_7">
            <transformation>
                <translate x="21.3" y="1.1" z="8"/>
                <scale x="0.6" y="0.3" z="4"/>
            </transformation>

            <materials>
                <material id ="inherit"/>
            </materials>
            <texture id="inherit" length_s="1" length_t="1"/>

            <children>
                <componentref id="cube"/>
            </children>
        </component>
        <component id="top_face_ponte_8">
            <transformation>
                <translate x="22.1" y="1.1" z="8"/>
                <scale x="0.6" y="0.3" z="4"/>
            </transformation>

            <materials>
                <material id ="inherit"/>
            </materials>
            <texture id="inherit" length_s="1" length_t="1"/>

            <children>
                <componentref id="cube"/>
            </children>
        </component>
        <component id="top_face_ponte_9">
            <transformation>
                <translate x="22.9" y="1.1" z="8"/>
                <scale x="0.6" y="0.3" z="4"/>
            </transformation>

            <materials>
                <material id ="inherit"/>
            </materials>
            <texture id="inherit" length_s="1" length_t="1"/>

            <children>
                <componentref id="cube"/>
            </children>
        </component>
        <component id="top_face_ponte_10">
            <transformation>
                <translate x="23.7" y="1.1" z="8"/>
                <scale x="0.6" y="0.3" z="4"/>
            </transformation>

            <materials>
                <material id ="inherit"/>
            </materials>
            <texture id="inherit" length_s="1" length_t="1"/>

            <children>
                <componentref id="cube"/>
            </children>
        </component>

        <component id="top_face_ponte">
            <transformation>
            </transformation>

            <materials>
                <material id ="silver"/>
            </materials>
            <texture id="piso_ponte" length_s="1" length_t="1"/>

            <children>
                <componentref id="top_face_ponte_1"/>
                <componentref id="top_face_ponte_2"/>
                <componentref id="top_face_ponte_3"/>
                <componentref id="top_face_ponte_4"/>
                <componentref id="top_face_ponte_5"/>
                <componentref id="top_face_ponte_6"/>
                <componentref id="top_face_ponte_7"/>
                <componentref id="top_face_ponte_8"/>
                <componentref id="top_face_ponte_9"/>
                <componentref id="top_face_ponte_10"/>

            </children>
        </component>

        <component id="suporte_1">
            <transformation>
                <translate x="20" y="1.1" z="8"/>
                <rotate axis="z" angle="90"/>
                <scale x="0.3" y="8.3" z="0.4"/>
            </transformation>

            <materials>
                <material id ="inherit"/>
            </materials>

            <texture id="inherit" length_s="1" length_t="1"/>

            <children>
                <componentref id="cube"/>
            </children>
        </component>
        <component id="suporte_2">
            <transformation>
                <translate x="20" y="1.1" z="6"/>
                <rotate axis="z" angle="90"/>
                <scale x="0.3" y="8.3" z="0.4"/>
            </transformation>

            <materials>
                <material id ="inherit"/>
            </materials>

            <texture id="inherit" length_s="1" length_t="1"/>

            <children>
                <componentref id="cube"/>
            </children>
        </component>
        <component id="suporte_3">
            <transformation>
                <translate x="20" y="1.1" z="10"/>
                <rotate axis="z" angle="90"/>
                <scale x="0.3" y="8.3" z="0.4"/>
            </transformation>

            <materials>
                <material id ="inherit"/>
            </materials>

            <texture id="inherit" length_s="1" length_t="1"/>

            <children>
                <componentref id="cube"/>
            </children>
        </component>
        <component id="suporte_ponte">
            <transformation>
            </transformation>

            <materials>
                <material id ="inherit"/>
            </materials>

            <texture id="inherit" length_s="1" length_t="1"/>

            <children>
                <componentref id="suporte_1"/>
                <componentref id="suporte_2"/>
                <componentref id="suporte_3"/>
            </children>
        </component>
        <component id="back_left_bar">
            <transformation>
                <translate x="16" y="2" z="6"/>
                <scale x="0.3" y="1.7" z="0.3"/>
            </transformation>

            <materials>
                <material id ="inherit"/>
            </materials>

            <texture id="inherit" length_s="1" length_t="1"/>

            <children>
                <componentref id="cube"/>
            </children>
        </component>
        <component id="front_left_bar">
            <transformation>
                <translate x="16" y="2" z="10"/>
                <scale x="0.3" y="1.7" z="0.3"/>
            </transformation>

            <materials>
                <material id ="inherit"/>
            </materials>

            <texture id="inherit" length_s="1" length_t="1"/>

            <children>
                <componentref id="cube"/>
            </children>
        </component>
        <component id="front_midle_bar">
            <transformation>
                <translate x="20" y="2" z="10"/>
                <scale x="0.3" y="1.7" z="0.3"/>
            </transformation>

            <materials>
                <material id ="inherit"/>
            </materials>

            <texture id="inherit" length_s="1" length_t="1"/>

            <children>
                <componentref id="cube"/>
            </children>
        </component>
        <component id="back_midle_bar">
            <transformation>
                <translate x="20" y="2" z="6"/>
                <scale x="0.3" y="1.7" z="0.3"/>
            </transformation>

            <materials>
                <material id ="inherit"/>
            </materials>

            <texture id="inherit" length_s="1" length_t="1"/>

            <children>
                <componentref id="cube"/>
            </children>
        </component>
        <component id="back_right_bar">
            <transformation>
                <translate x="24" y="2" z="6"/>
                <scale x="0.3" y="1.7" z="0.3"/>
            </transformation>

            <materials>
                <material id ="inherit"/>
            </materials>

            <texture id="inherit" length_s="1" length_t="1"/>

            <children>
                <componentref id="cube"/>
            </children>
        </component>
        <component id="front_right_bar">
            <transformation>
                <translate x="24" y="2" z="10"/>
                <scale x="0.3" y="1.7" z="0.3"/>
            </transformation>

            <materials>
                <material id ="inherit"/>
            </materials>

            <texture id="inherit" length_s="1" length_t="1"/>

            <children>
                <componentref id="cube"/>
            </children>
        </component>
        <component id="bottom_front_arm_bar">
            <transformation>
                <translate x="20" y="1.7" z="10"/>
                <rotate axis="z" angle="90"/>
                <scale x="0.2" y="8.3" z="0.1"/>
            </transformation>

            <materials>
                <material id ="inherit"/>
            </materials>

            <texture id="inherit" length_s="1" length_t="1"/>

            <children>
                <componentref id="cube"/>
            </children>
        </component>
        <component id="top_front_arm_bar">
            <transformation>
                <translate x="20" y="2.2" z="10"/>
                <rotate axis="z" angle="90"/>
                <scale x="0.2" y="8.3" z="0.1"/>
            </transformation>

            <materials>
                <material id ="inherit"/>
            </materials>

            <texture id="inherit" length_s="1" length_t="1"/>

            <children>
                <componentref id="cube"/>
            </children>
        </component>
        <component id="top_back_arm_bar">
            <transformation>
                <translate x="20" y="2.2" z="6"/>
                <rotate axis="z" angle="90"/>
                <scale x="0.2" y="8.3" z="0.1"/>
            </transformation>

            <materials>
                <material id ="inherit"/>
            </materials>

            <texture id="inherit" length_s="1" length_t="1"/>

            <children>
                <componentref id="cube"/>
            </children>
        </component>
        <component id="bottom_back_arm_bar">
            <transformation>
                <translate x="20" y="1.7" z="6"/>
                <rotate axis="z" angle="90"/>
                <scale x="0.2" y="8.3" z="0.1"/>
            </transformation>

            <materials>
                <material id ="inherit"/>
            </materials>

            <texture id="inherit" length_s="1" length_t="1"/>

            <children>
                <componentref id="cube"/>
            </children>
        </component>
        <component id="ponte">
            <transformation>
            </transformation>
            <materials>
                <material id ="inherit"/>
            </materials>

            <texture id="piso_ponte" length_s="1" length_t="1"/>

            <children>
                <componentref id="subida_1"/>
                <componentref id="subida_2"/>
                <componentref id="top_face_ponte"/>
                <componentref id="back_left_bar"/>
                <componentref id="front_left_bar"/>
                <componentref id="front_midle_bar"/>
                <componentref id="back_midle_bar"/>
                <componentref id="back_right_bar"/>
                <componentref id="front_right_bar"/>
                <componentref id="bottom_front_arm_bar"/>
                <componentref id="top_front_arm_bar"/>
                <componentref id="top_back_arm_bar"/>
                <componentref id="bottom_back_arm_bar"/>
                <componentref id="suporte_ponte"/>
            </children>
        </component>
        <component id="turbine_suporte_parte1">
            <transformation>
                <translate x="35" y="0" z="5"/>
                <rotate axis="x" angle="-90"/>
                <scale x="0.18" y="0.15" z="1.7"/>
            </transformation>

            <materials>
                <material id ="default"/>
            </materials>

            <texture id="white" length_s="1" length_t="1"/>

            <children>
                <primitiveref id="cut_cone"/>
            </children>
        </component>
        <component id="turbine_suporte_parte2">
            <transformation>
                <translate x="35" y="8.4" z="6"/>
                <rotate axis="x" angle="-180"/>
                <scale x="0.5" y="0.5" z="0.4"/>
            </transformation>

            <materials>
                <material id ="default"/>
            </materials>

            <texture id="white" length_s="1" length_t="1"/>

            <children>
                <primitiveref id="cylinder"/>
            </children>
        </component>
        <component id="turbine_helice_suport_part1">
            <transformation>
                <translate x="35" y="8.4" z="4"/>
                <rotate axis="x" angle="-180"/>
                <scale x="0.5" y="0.5" z="0.1"/>
            </transformation>

            <materials>
                <material id ="default"/>
            </materials>

            <texture id="inherit" length_s="1" length_t="1"/>

            <children>
                <primitiveref id="cylinder_1"/>
            </children>
        </component>
        <component id="turbine_helice_suport_part2">
            <transformation>
                <translate x="35" y="8.4" z="5.8"/>
                <rotate axis="x" angle="-180"/>
                <scale x="1.5" y="1.5" z="1.1"/>
            </transformation>

            <materials>
                <material id ="default"/>
            </materials>

            <texture id="ma_turbine" length_s="1" length_t="1"/>

            <children>
                <primitiveref id="torus"/>
            </children>
        </component>
        <component id="turbine_helice_part3">
            <transformation>
                <translate x="35" y="11.2" z="6"/>
                <rotate axis="x" angle="90"/>
                <scale x="0.8" y="0.2" z="0.3"/>
            </transformation>

            <materials>
                <material id ="default"/>
            </materials>

            <texture id="white" length_s="1" length_t="1"/>

            <children>
                <primitiveref id="cylinder_1"/>
            </children>
        </component>
        <component id="turbine_helice_part4">
            <transformation>
                <translate x="35" y="11.2" z="6"/>
                <rotate axis="x" angle="-90"/>
                <scale x="0.8" y="0.2" z="0.4"/>
            </transformation>

            <materials>
                <material id ="default"/>
            </materials>

            <texture id="white" length_s="1" length_t="1"/>

            <children>
                <primitiveref id="cylinder_1"/>
            </children>
        </component>
        <component id="turbine_suporte">
            <transformation>
            </transformation>
            <materials>
                <material id ="default"/>
            </materials>

            <texture id="white" length_s="1" length_t="1"/>

            <children>
                <componentref id="turbine_suporte_parte1"/>
                <componentref id="turbine_suporte_parte2"/>

            </children>
        </component>
        <component id="turbine_helice_suport">
            <transformation>
            </transformation>
            <materials>
                <material id ="default"/>
            </materials>

            <texture id="white" length_s="1" length_t="1"/>

            <children>
              <componentref id="turbine_helice_suport_part1"/>
              <componentref id="turbine_helice_suport_part2"/>
            </children>
        </component>

        <component id="turbine_helice_1">
            <transformation>
            </transformation>
            <materials>
                <material id ="default"/>
            </materials>

            <texture id="white" length_s="1" length_t="1"/>

            <children>
                <componentref id="turbine_helice_part3"/>
                <componentref id="turbine_helice_part4"/>
            </children>
        </component>
        <component id="turbine_helice_2">
            <transformation>
              <translate x="24.7" y="43" z="12"/>
              <rotate axis="x" angle="-180"/>
              <rotate axis="z" angle="60"/>
            </transformation>
            <materials>
                <material id ="default"/>
            </materials>

            <texture id="white" length_s="1" length_t="1"/>

            <children>
                <componentref id="turbine_helice_1"/>
            </children>
        </component>
        <component id="turbine_helice_3">
            <transformation>
              <translate x="59.9" y="-17.5" z="0"/>
              <rotate axis="z" angle="120"/>

            </transformation>
            <materials>
                <material id ="inherit"/>
            </materials>

            <texture id="white" length_s="1" length_t="1"/>

            <children>
                <componentref id="turbine_helice_2"/>
            </children>
        </component>

        <component id="turbine_complete_helice">
            <transformation>
            </transformation>
            <materials>
                <material id ="inherit"/>
            </materials>

            <texture id="white" length_s="1" length_t="1"/>

            <children>
              <componentref id="turbine_helice_suport"/>
              <componentref id="turbine_helice_1"/>
              <componentref id="turbine_helice_2"/>
              <componentref id="turbine_helice_3"/>
            </children>
        </component>

        <component id="turbina">
            <transformation>
            </transformation>
            <materials>
                <material id ="default"/>
            </materials>

            <texture id="white" length_s="1" length_t="1"/>

            <children>
                <componentref id="turbine_suporte"/>
                <componentref id="turbine_complete_helice"/>

            </children>
        </component>

        <component id="turbina_1">
            <transformation>
              <translate x="2" y="0" z="-3"/>
              <scale x="1.2" y="1.2" z="1.2"/>
            </transformation>
            <materials>
                <material id ="inherit"/>
            </materials>

            <texture id="trunk" length_s="1" length_t="1"/>

            <children>
                <componentref id="turbine_suporte"/>
                <componentref id="turbine_complete_helice"/>

            </children>
        </component>
        <component id="turbina_2">
            <transformation>
              <translate x="4" y="0" z="5"/>
            </transformation>
            <materials>
                <material id ="inherit"/>
            </materials>

            <texture id="trunk" length_s="1" length_t="1"/>

            <children>
                <componentref id="turbine_suporte"/>
                <componentref id="turbine_complete_helice"/>

            </children>
        </component>
        <component id="turbina_3">
            <transformation>
              <translate x="18.5" y="0" z="12"/>
              <scale x="0.85" y="0.85" z="0.85"/>
            </transformation>
            <materials>
                <material id ="inherit"/>
            </materials>

            <texture id="trunk" length_s="1" length_t="1"/>

            <children>
                <componentref id="turbine_suporte"/>
                <componentref id="turbine_complete_helice"/>

            </children>
        </component>
        <component id="torre_suporte">
            <transformation>
              <translate x="5" y="5" z="15"/>
              <rotate axis="x" angle="-90"/>
              <scale x="6" y="6" z="10"/>
            </transformation>
            <materials>
                <material id ="p1"/>

            </materials>
            <texture id="green" length_s="1" length_t="1"/>

            <children>
                <componentref id="cube"/>
            </children>
        </component>
        <component id="torre_suporte_1">
            <transformation>
              <translate x="5" y="11.5" z="15"/>
              <rotate axis="x" angle="-90"/>
              <scale x="10" y="10" z="3"/>
            </transformation>
            <materials>
                <material id ="p1"/>

            </materials>

            <texture id="cr" length_s="1" length_t="1"/>

            <children>
                <componentref id="cube"/>
            </children>
        </component>
        <component id="torre_s_1">
            <transformation>
              <translate x="5" y="11.5" z="15"/>
              <rotate axis="x" angle="-90"/>
              <scale x="10" y="5" z="1"/>
            </transformation>
            <materials>
                <material id ="p1"/>

            </materials>

            <texture id="carbono_m" length_s="1" length_t="1"/>

            <children>
                <primitiveref id="sphere"/>
            </children>
        </component>
        <component id="torre_s_2">
            <transformation>
              <translate x="5" y="11.5" z="15"/>
              <rotate axis="x" angle="90"/>
              <rotate axis="z" angle="90"/>
              <scale x="10" y="5" z="1"/>
            </transformation>
            <materials>
                <material id ="p1"/>

            </materials>

            <texture id="carbono_m" length_s="1" length_t="1"/>

            <children>
                <primitiveref id="sphere"/>
            </children>
        </component>
        <component id="torre_s_3">
            <transformation>
              <translate x="5" y="11.5" z="15"/>
              <scale x="6" y="6" z="6"/>
            </transformation>
            <materials>
                <material id ="p1"/>

            </materials>

            <texture id="carbono" length_s="1" length_t="1"/>

            <children>
                <primitiveref id="sphere"/>
            </children>
        </component>
        <component id="escada_torre_part1">
            <transformation>
              <translate x="13" y="0" z="5"/>
              <rotate axis="y" angle="270"/>
              <scale x="0.7" y="0.7" z="0.4"/>
            </transformation>
            <materials>
                <material id ="inherit"/>
            </materials>

            <texture id="inherit" length_s="1" length_t="1"/>

            <children>
                <componentref id="escadote"/>
            </children>
        </component>
        <component id="escada_torre_part2">
            <transformation>
              <translate x="13" y="0.8" z="6.5"/>
              <rotate axis="y" angle="270"/>
              <scale x="0.7" y="0.7" z="0.4"/>
            </transformation>
            <materials>
                <material id ="inherit"/>
            </materials>

            <texture id="inherit" length_s="1" length_t="1"/>

            <children>
                <componentref id="escadote"/>
            </children>
        </component>
        <component id="escada_torre_part3">
            <transformation>
              <translate x="13" y="1.6" z="8"/>
              <rotate axis="y" angle="270"/>
              <scale x="0.7" y="0.7" z="0.4"/>
            </transformation>
            <materials>
                <material id ="inherit"/>
            </materials>

            <texture id="inherit" length_s="1" length_t="1"/>

            <children>
                <componentref id="escadote"/>
            </children>
        </component>
        <component id="escada_torre_part4">
            <transformation>
              <translate x="13" y="2.4" z="9.5"/>
              <rotate axis="y" angle="270"/>
              <scale x="0.7" y="0.7" z="0.4"/>
            </transformation>
            <materials>
                <material id ="inherit"/>
            </materials>

            <texture id="inherit" length_s="1" length_t="1"/>

            <children>
                <componentref id="escadote"/>
            </children>
        </component>
        <component id="escada_torre_part5">
            <transformation>
                <translate x="9.8" y="2.83" z="20"/>
                <scale x="1.6" y="0.9" z="1"/>
            </transformation>
            <materials>
                <material id ="inherit"/>
            </materials>

            <texture id="inherit" length_s="1" length_t="1"/>

            <children>
                <componentref id="cube"/>
            </children>
        </component>
        <component id="escada_torre_part6">
            <transformation>
                <translate x="8.1" y="2.83" z="20.8"/>
                <rotate axis="y" angle="90"/>
                <scale x="2.5" y="0.9" z="5"/>
            </transformation>
            <materials>
                <material id ="inherit"/>
            </materials>

            <texture id="inherit" length_s="1" length_t="1"/>

            <children>
                <componentref id="cube"/>
            </children>
        </component>

        <component id="escada_torre">
            <transformation>
            <translate x="-1" y="0" z="-1.8"/>
            </transformation>
            <materials>
                <material id ="inherit"/>
            </materials>

            <texture id="piso_ponte" length_s="1" length_t="1"/>

            <children>
                <componentref id="escada_torre_part1"/>
                <componentref id="escada_torre_part2"/>
                <componentref id="escada_torre_part3"/>
                <componentref id="escada_torre_part4"/>
                <componentref id="escada_torre_part5"/>
                <componentref id="escada_torre_part6"/>

            </children>
        </component>
        <component id="corimao_torre_par1">
            <transformation>
              <translate x="9.53" y="3.9" z="17.8"/>
              <scale x="0.1" y="1.2" z="0.2"/>
            </transformation>
            <materials>
                <material id ="table_wood"/>
            </materials>

            <texture id="inherit" length_s="1" length_t="1"/>

            <children>
                <componentref id="cube"/>
            </children>
        </component>
        <component id="corimao_torre_par2">
            <transformation>
              <translate x="9.53" y="3.9" z="18.8"/>
              <scale x="0.1" y="1.2" z="0.2"/>
            </transformation>
            <materials>
                <material id ="table_wood"/>
            </materials>

            <texture id="inherit" length_s="1" length_t="1"/>

            <children>
                <componentref id="cube"/>
            </children>
        </component>
        <component id="corimao_torre_par3">
            <transformation>
              <translate x="9.53" y="3.9" z="19.8"/>
              <scale x="0.1" y="1.2" z="0.2"/>
            </transformation>
            <materials>
                <material id ="table_wood"/>
            </materials>

            <texture id="inherit" length_s="1" length_t="1"/>

            <children>
                <componentref id="cube"/>
            </children>
        </component>
        <component id="corimao_torre_par4">
          <transformation>
            <translate x="9" y="3.9" z="20.2"/>
            <rotate axis="y" angle="90"/>
            <scale x="0.1" y="1.2" z="0.2"/>
          </transformation>
          <materials>
              <material id ="table_wood"/>
          </materials>

          <texture id="inherit" length_s="1" length_t="1"/>

          <children>
              <componentref id="cube"/>
          </children>
      </component>
      <component id="corimao_torre_par5">
        <transformation>
          <translate x="-1" y="0" z="0"/>
        </transformation>
        <materials>
            <material id ="table_wood"/>
        </materials>

        <texture id="inherit" length_s="1" length_t="1"/>

        <children>
            <componentref id="corimao_torre_par4"/>
        </children>
    </component>
    <component id="corimao_torre_par6">
      <transformation>
        <translate x="-2" y="0" z="0"/>
      </transformation>
      <materials>
          <material id ="silver"/>
      </materials>

      <texture id="inherit" length_s="1" length_t="1"/>

      <children>
          <componentref id="corimao_torre_par4"/>
      </children>
  </component>
  <component id="corimao_torre_par7">
    <transformation>
      <translate x="-3" y="0" z="0"/>
    </transformation>
    <materials>
        <material id ="table_wood"/>
    </materials>

    <texture id="inherit" length_s="1" length_t="1"/>

    <children>
        <componentref id="corimao_torre_par4"/>
    </children>
  </component>
  <component id="corimao_torre_par8">
    <transformation>
      <translate x="-4" y="0" z="0"/>
    </transformation>
    <materials>
        <material id ="table_wood"/>
    </materials>

    <texture id="inherit" length_s="1" length_t="1"/>

    <children>
        <componentref id="corimao_torre_par4"/>
    </children>
</component>

<component id="corimao_torre_par9">
    <transformation>
      <translate x="4.65" y="3.9" z="19.5"/>
      <scale x="0.1" y="1.2" z="0.2"/>
    </transformation>
    <materials>
        <material id ="table_wood"/>
    </materials>

    <texture id="inherit" length_s="1" length_t="1"/>

    <children>
        <componentref id="cube"/>
    </children>
</component>
<component id="corimao_torre_par10">
    <transformation>
      <translate x="7.1" y="4.5" z="20.2"/>
      <scale x="5.2" y="0.1" z="0.3"/>
    </transformation>
    <materials>
        <material id ="table_wood"/>
    </materials>

    <texture id="inherit" length_s="1" length_t="1"/>

    <children>
        <componentref id="cube"/>
    </children>
</component>
<component id="corimao_torre_par11">
    <transformation>
      <translate x="4.65" y="4.5" z="18.8"/>
      <rotate axis="y" angle="90"/>
      <scale x="2.5" y="0.1" z="0.3"/>
    </transformation>
    <materials>
        <material id ="table_wood"/>
    </materials>

    <texture id="inherit" length_s="1" length_t="1"/>

    <children>
        <componentref id="cube"/>
    </children>
</component>
<component id="corimao_torre_par12">
    <transformation>
      <translate x="9.55" y="4.5" z="18.8"/>
      <rotate axis="y" angle="90"/>
      <scale x="2.5" y="0.1" z="0.3"/>
    </transformation>
    <materials>
        <material id ="table_wood"/>
    </materials>

    <texture id="inherit" length_s="1" length_t="1"/>

    <children>
        <componentref id="cube"/>
    </children>
</component>
<component id="corimao_torre_top">
    <transformation>
    </transformation>
    <materials>
        <material id ="table_wood"/>
    </materials>

    <texture id="carbono" length_s="1" length_t="1"/>

    <children>
        <componentref id="corimao_torre_par10"/>
        <componentref id="corimao_torre_par11"/>
        <componentref id="corimao_torre_par12"/>
    </children>
</component>
<component id="porta_torre">
    <transformation>
      <translate x="5.5" y="3" z="18.1"/>
      <scale x="1.6" y="3.3" z="0"/>
    </transformation>
    <materials>
        <material id ="silver"/>
    </materials>

    <texture id="door" length_s="1" length_t="1"/>

    <children>
        <primitiveref id="square_at_zero"/>
    </children>
</component>
        <component id="corimao_torre">
            <transformation>
            </transformation>
            <materials>
                <material id ="inherit"/>
            </materials>

            <texture id="carbono" length_s="1" length_t="1"/>

            <children>
                <componentref id="corimao_torre_par1"/>
                <componentref id="corimao_torre_par2"/>
                <componentref id="corimao_torre_par3"/>
                <componentref id="corimao_torre_par4"/>
                <componentref id="corimao_torre_par5"/>
                <componentref id="corimao_torre_par6"/>
                <componentref id="corimao_torre_par7"/>
                <componentref id="corimao_torre_par8"/>
                <componentref id="corimao_torre_par9"/>
                <componentref id="corimao_torre_top"/>
                <componentref id="porta_torre"/>
            </children>
        </component>
        <component id="torre">
            <transformation>
            </transformation>
            <materials>
                <material id ="inherit"/>
            </materials>

            <texture id="green" length_s="1" length_t="1"/>

            <children>
                <componentref id="torre_suporte"/>
                <componentref id="torre_suporte_1"/>
                <componentref id="torre_s_1"/>
                <componentref id="torre_s_2"/>
                <componentref id="torre_s_3"/>
                <componentref id="escada_torre"/>
                <componentref id="corimao_torre"/>
            </children>
        </component>
        <component id="cerca_suporte_1">
            <transformation>
              <translate x="0" y="3" z="0"/>
             <scale x="6" y="6" z="6"/>
            </transformation>
            <materials>
                <material id ="inherit"/>
            </materials>

            <texture id="cerca" length_s="1" length_t="1"/>

            <children>
                <componentref id="cube"/>
            </children>
        </component>
        <component id="cerca_suporte_2">
            <transformation>
              <translate x="0" y="6" z="0"/>
             <scale x="5" y="4" z="5"/>
            </transformation>
            <materials>
                <material id ="inherit"/>
            </materials>

            <texture id="cerca" length_s="1" length_t="1"/>

            <children>
                <componentref id="piramide"/>
            </children>
        </component>
        <component id="cerca_part0">
            <transformation>
            </transformation>
            <materials>
                <material id ="default"/>
            </materials>

            <texture id="inherit" length_s="1" length_t="1"/>

            <children>
                <componentref id="cerca_suporte_1"/>
                <componentref id="cerca_suporte_2"/>
            </children>
        </component>
        <component id="cerca_part_1">
            <transformation>
              <translate x="15.8" y="0" z="24.5"/>
               <scale x="0.03" y="0.2" z="0.1"/>
            </transformation>
            <materials>
                <material id ="default"/>
            </materials>
            <texture id="inherit" length_s="1" length_t="1"/>
            <children>
                <componentref id="cerca_part0"/>
            </children>
        </component>
        <component id="cerca_part_2">
            <transformation>
              <translate x="15.8" y="0" z="22.5"/>
               <scale x="0.03" y="0.2" z="0.1"/>
            </transformation>
            <materials>
                <material id ="default"/>
            </materials>
            <texture id="inherit" length_s="1" length_t="1"/>
            <children>
                <componentref id="cerca_part0"/>
            </children>
        </component>
        <component id="cerca_part_3">
            <transformation>
              <translate x="15.8" y="0" z="20.5"/>
               <scale x="0.03" y="0.2" z="0.1"/>
            </transformation>
            <materials>
                <material id ="default"/>
            </materials>
            <texture id="inherit" length_s="1" length_t="1"/>
            <children>
                <componentref id="cerca_part0"/>
            </children>
        </component>
        <component id="cerca_part_4">
            <transformation>
              <translate x="15.8" y="0" z="18.5"/>
               <scale x="0.03" y="0.2" z="0.1"/>
            </transformation>
            <materials>
                <material id ="default"/>
            </materials>
            <texture id="inherit" length_s="1" length_t="1"/>
            <children>
                <componentref id="cerca_part0"/>
            </children>
        </component>
        <component id="cerca_part_5">
            <transformation>
              <translate x="15.8" y="0" z="16.5"/>
               <scale x="0.03" y="0.2" z="0.1"/>
            </transformation>
            <materials>
                <material id ="default"/>
            </materials>
            <texture id="cerca" length_s="1" length_t="1"/>
            <children>
                <componentref id="cerca_part0"/>
            </children>
        </component>
        <component id="cerca_part_6">
            <transformation>
              <translate x="15.8" y="0" z="14.5"/>
               <scale x="0.03" y="0.2" z="0.1"/>
            </transformation>
            <materials>
                <material id ="default"/>
            </materials>
            <texture id="cerca" length_s="1" length_t="1"/>
            <children>
                <componentref id="cerca_part0"/>
            </children>
        </component>
        <component id="cerca_part_7">
            <transformation>
              <translate x="15.8" y="0" z="12.5"/>
               <scale x="0.03" y="0.2" z="0.1"/>
            </transformation>
            <materials>
                <material id ="default"/>
            </materials>
            <texture id="inherit" length_s="1" length_t="1"/>
            <children>
                <componentref id="cerca_part0"/>
            </children>
        </component>
        <component id="cerca_part_8">
            <transformation>
              <translate x="15.8" y="0" z="10.9"/>
               <scale x="0.03" y="0.2" z="0.1"/>
            </transformation>
            <materials>
                <material id ="default"/>
            </materials>
            <texture id="inherit" length_s="1" length_t="1"/>
            <children>
                <componentref id="cerca_part0"/>
            </children>
        </component>
        <component id="cerca_part_9">
            <transformation>
              <translate x="15.8" y="0" z="5"/>
               <scale x="0.03" y="0.2" z="0.1"/>
            </transformation>
            <materials>
                <material id ="default"/>
            </materials>
            <texture id="inherit" length_s="1" length_t="1"/>
            <children>
                <componentref id="cerca_part0"/>
            </children>
        </component>
        <component id="cerca_part_10">
            <transformation>
              <translate x="15.8" y="0" z="3"/>
               <scale x="0.03" y="0.2" z="0.1"/>
            </transformation>
            <materials>
                <material id ="default"/>
            </materials>
            <texture id="inherit" length_s="1" length_t="1"/>
            <children>
                <componentref id="cerca_part0"/>
            </children>
        </component>
        <component id="cerca_part_11">
            <transformation>
              <translate x="15.8" y="0" z="1"/>
               <scale x="0.03" y="0.2" z="0.1"/>
            </transformation>
            <materials>
                <material id ="default"/>
            </materials>
            <texture id="inherit" length_s="1" length_t="1"/>
            <children>
                <componentref id="cerca_part0"/>
            </children>
        </component>
        <component id="cerca_part_12">
            <transformation>
              <translate x="15.8" y="0.4" z="17.8"/>
               <scale x="0.06" y="0.3" z="15.5"/>
            </transformation>
            <materials>
                <material id ="default"/>
            </materials>
            <texture id="inherit" length_s="1" length_t="1"/>
            <children>
                <componentref id="cube"/>
            </children>
        </component>
        <component id="cerca_part_13">
            <transformation>
              <translate x="15.8" y="1" z="17.8"/>
               <scale x="0.06" y="0.3" z="15.5"/>
            </transformation>
            <materials>
                <material id ="default"/>
            </materials>
            <texture id="inherit" length_s="1" length_t="1"/>
            <children>
                <componentref id="cube"/>
            </children>
        </component>
        <component id="cerca_part_14">
            <transformation>
              <translate x="15.8" y="1" z="3"/>
               <scale x="0.06" y="0.3" z="5.5"/>
            </transformation>
            <materials>
                <material id ="default"/>
            </materials>
            <texture id="inherit" length_s="1" length_t="1"/>
            <children>
                <componentref id="cube"/>
            </children>
        </component>
        <component id="cerca_part_15">
            <transformation>
              <translate x="15.8" y="0.4" z="3"/>
               <scale x="0.06" y="0.3" z="5.5"/>
            </transformation>
            <materials>
                <material id ="default"/>
            </materials>
            <texture id="inherit" length_s="1" length_t="1"/>
            <children>
                <componentref id="cube"/>
            </children>
        </component>
        <component id="cerca_left">
            <transformation>
            </transformation>
            <materials>
                <material id ="default"/>
            </materials>

            <texture id="cerca" length_s="1" length_t="1"/>
            <children>
                <componentref id="cerca_part_1"/>
                <componentref id="cerca_part_2"/>
                <componentref id="cerca_part_3"/>
                <componentref id="cerca_part_4"/>
                <componentref id="cerca_part_5"/>
                <componentref id="cerca_part_6"/>
                <componentref id="cerca_part_7"/>
                <componentref id="cerca_part_8"/>
                <componentref id="cerca_part_9"/>
                <componentref id="cerca_part_10"/>
                <componentref id="cerca_part_11"/>
                <componentref id="cerca_part_12"/>
                <componentref id="cerca_part_13"/>
                <componentref id="cerca_part_14"/>
                <componentref id="cerca_part_15"/>
            </children>
        </component>
        <component id="cerca_right">
            <transformation>
            <translate x="8.3" y="0" z="0"/>
            </transformation>
            <materials>
                <material id ="default"/>
            </materials>

            <texture id="cerca" length_s="1" length_t="1"/>
            <children>
                <componentref id="cerca_left"/>
            </children>
        </component>
        <component id="cerca">
            <transformation>
            </transformation>
            <materials>
                <material id ="default"/>
            </materials>

            <texture id="cerca" length_s="1" length_t="1"/>
            <children>
                <componentref id="cerca_left"/>
                <componentref id="cerca_right"/>
            </children>
        </component>

        <component id="main_scene">
            <transformation>
            </transformation>

            <materials>
                <material id ="m1"/>
            </materials>

            <texture id="trunk" length_s="1" length_t="1"/>

            <children>
                <componentref id="floor_right"/>
                <componentref id="floor_left"/>
                <componentref id="river"/>
                <componentref id="ponte"/>
                <componentref id="turbina_1"/>
                <componentref id="turbina_2"/>
                <componentref id="turbina_3"/>
                <componentref id="torre"/>
                <componentref id="cerca"/>
            </children>
        </component>

    </components>

</yas>
